{
  "intents": [
    {
      "tag": "order",
      "patterns": [
        "Place an order",
        "to order"
      ],
      "responses": [
        "Please select your order from the menu i say",
        "Select your order from the menu",
        "Sure. Select the item you would want to order"
      ]
    },
    {
      "tag": "modify",
      "patterns": ["i want to change my order", "i want to Modify my order"],
      "responses": [
        "Okay",
        "Yes Why not"
      ]
    },
    {
      "tag": "details",
      "patterns": ["order details", "order status", "where is my order"],
      "responses": ["Please give me a moment", "Okay"]
    },
    {
      "tag": "cancel",
      "patterns": [
        "cancel my order",
        "refund",
        "cancel"
      ],
      "responses": [
        "Order once placed cannot be canceled",
        "Sorry! Order once placed cannot be canceled"
      ]
    },
    {
      "tag": "payments",
      "patterns": [
        "payment methods",
        "Do you take credit cards?",
        "Do you accept Mastercard?",
        "Can I pay with Paypal?",
        "Are you cash only?",
        "pay"
      ],
      "responses": [
        "We accept VISA, Mastercard and Paypal",
        "We accept most major credit cards, and Paypal"
      ]
    },
         {
      "tag": "greeting",
      "patterns": [
        "Hi",
        "Hey",
        "How are you",
        "Is anyone there?",
        "Hello",
        "Good day"
      ],
      "responses": [
        "Hey",
        "Hello",
        "Hi there, what can I do for you?",
        "Hi there, how can I help?"
      ]
    }
  ]
}